Tenant,Org,MA Public Firm TTC to PIT PD Converter,MA Sovereign TTC PD to PIT PD Converter,MA Private Firm TTC to PIT PD Converter,MA CI Loss Rate Model,MA Expected Consumer Credit Losses,MA CRE Loss Rate Model,Commercial Mortgage Metrics,Commercial Mortgage Metrics Co-op,Commercial Mortgage Metrics REIS,Commercial Mortgage Metrics Co-op REIS,MA Structured Analytics,MA Sovereign TTC to PIT PD Converter,MA Sovereign TTC to PIT PD Converter 9.1,Mortgage Portfolio Analyzer,Auto Portfolio Analyzer,MA Muni Loss Forecast Model,MA Municipal Loss Forecast Model,MA CI Proxy PD,MA CI Proxy LGD,RiskCalc LGD,RiskCalc PD CCA,RiskCalc PD FSO,MA Expected Consumer Credit Losses Standard,Mortgage Portfolio Analyzer-Custom Cure Rate,MA Structured Analytics - Aegon - 1,MA Structured Analytics - Aegon - 2,MA Structured Analytics - Aegon - 3,MA Structured Analytics - Aegon - 4,MA Structured Analytics - Aegon - 5,MIS Corporate LGD,MIS US Municipal Bond LGD,MIS Sovereign PD,MIS Sovereign LGD,MIS Structured Finance LGD,MIS Structured Finance PD,MIS US Municipal Bond PD,MIS Idealized Cumulative Expected Default Rates,MA Historical Loss Analyzer,MA Historical Loss Analyzer for CECL Calibration,MA Historical Loss Analyzer Qualitative Adjustment,Portfolio Analyzer Credit Cards,Portfolio Analyzer Personal Loans,Portfolio Analyzer Student Loans,CreditEdge 9.1,Auto Lease Portfolio Analyzer,MA C&I Loss Rate Model,MA Private Firm TTC Rating to TTC PD,GCorr 2019 with Sovereign,GCorr 2020,GCorr 2021,GCorr 2022,MA Data Buffet Scenarios,Auto Portfolio Analyzer - Alliant,Auto Portfolio Analyzer - FirstBank Puerto Rico,Commercial Mortgage Metrics REIS 2,Cluster,Internal,Updated date,Product-IS,Product-CRA,CF Scenario-US,US National,US_Monthly,Int_Quarterly,Int_Monthly,State-MSA,State-MSA-Monthly,MIS Corporate LGD long run,SFTP,securities solution,Product-PS,CMO Custom Lookup,MA EL RBC PD LGD Rating - Forecasting,MA EDFX Model
0014000000NXtS8,Moody's,TRUE,TRUE,TRUE,TRUE,TRUE,TRUE,TRUE,TRUE,TRUE,TRUE,TRUE,TRUE,TRUE,TRUE,TRUE,TRUE,TRUE,TRUE,TRUE,TRUE,TRUE,TRUE,TRUE,TRUE,,,,,,TRUE,TRUE,TRUE,TRUE,TRUE,TRUE,TRUE,TRUE,TRUE,TRUE,TRUE,TRUE,TRUE,TRUE,TRUE,TRUE,TRUE,TRUE,TRUE,TRUE,TRUE,TRUE,TRUE,,,,Base,TRUE,4/21/2022,TRUE,,,TRUE,TRUE,International,International,TRUE,TRUE,TRUE,TRUE,TRUE,TRUE,TRUE,TRUE,TRUE
0013300001eOgkB,Moody's Analytics,TRUE,TRUE,TRUE,TRUE,TRUE,TRUE,TRUE,TRUE,TRUE,TRUE,TRUE,TRUE,TRUE,TRUE,TRUE,TRUE,TRUE,TRUE,TRUE,TRUE,TRUE,TRUE,TRUE,TRUE,TRUE,TRUE,TRUE,TRUE,TRUE,TRUE,TRUE,TRUE,TRUE,TRUE,TRUE,TRUE,TRUE,TRUE,TRUE,TRUE,TRUE,TRUE,TRUE,TRUE,TRUE,TRUE,TRUE,TRUE,TRUE,TRUE,TRUE,TRUE,,,,Base,TRUE,4/21/2022,TRUE,,,TRUE,TRUE,International,International,TRUE,TRUE,TRUE,,TRUE,TRUE,TRUE,TRUE,TRUE
001f300001ump08,"Aegon USA, LLC (Transamerica)",TRUE,TRUE,TRUE,,,,TRUE,,TRUE,,TRUE,TRUE,TRUE,,,,,,,TRUE,,,,,TRUE,TRUE,TRUE,TRUE,TRUE,,,,,,,,,TRUE,TRUE,TRUE,,,,,,,,TRUE,TRUE,TRUE,TRUE,TRUE,,,,Medium,,3/1/2022,TRUE,,,TRUE,TRUE,International,International,TRUE,TRUE,,,,,,,
0014000000NXtWy,AFLAC,TRUE,TRUE,TRUE,,,,TRUE,,TRUE,,,TRUE,TRUE,,,,,,,,,,,,,,,,,,,,,,,,,TRUE,TRUE,TRUE,,,,,,,,TRUE,TRUE,TRUE,TRUE,TRUE,,,,Base,,3/1/2022,TRUE,,,TRUE,,,,,,,,,,,,
0014000000NXqkX,AgCountry Farm Credit Services,TRUE,TRUE,TRUE,TRUE,TRUE,,,,,,,,,,,,,,,,,,,,,,,,,,,,,,,,,TRUE,TRUE,TRUE,,,,,,TRUE,,TRUE,TRUE,TRUE,TRUE,TRUE,,,,Base,,3/1/2022,TRUE,,,TRUE,,,,,,,,,,,,
0014000000NXy9I,AgFirst Farm Credit Bank,TRUE,TRUE,TRUE,,,,,,,,,,,TRUE,,,,,,,,,,,,,,,,,,,,,,,,TRUE,TRUE,TRUE,,,,,,,,TRUE,TRUE,TRUE,TRUE,TRUE,,,,Base,,3/1/2022,TRUE,,,TRUE,,,,TRUE,,,,,,,,
0014000000P6JTd,AIA Hong Kong,TRUE,TRUE,TRUE,,,,,,,,,TRUE,TRUE,,,,,,,,,,,,,,,,,,,,,,,,,,,,,,,,,,,TRUE,TRUE,TRUE,TRUE,TRUE,,,,High,,3/1/2022,TRUE,,,TRUE,,IARE#IAUS#ICHN#IDEU#IEUZN#IGBR#IHKG#IIDN#IIND#IJPN#IKOR#IMEX#IMYS#INZL#IPHL#ISAU#ISGP#ITHA#ITWN#IVNM#IWRLD,,,,,,,,,,
0014000000NXo9G,Alliant Credit Union,TRUE,TRUE,TRUE,,,,,,TRUE,,,,,TRUE,TRUE,,,,,,,,,,,,,,,,,,,,,,,TRUE,TRUE,TRUE,TRUE,TRUE,,,,,,TRUE,TRUE,TRUE,TRUE,TRUE,TRUE,,,Base,,3/1/2022,TRUE,,,TRUE,,,,TRUE,,,TRUE,,,TRUE,TRUE,TRUE
0014000000NXoQs,Allstate,TRUE,TRUE,TRUE,,,,TRUE,,TRUE,,,,,,,,,,,,,,,,,,,,,,,,,,,,,TRUE,TRUE,TRUE,,,,,,,,TRUE,TRUE,TRUE,TRUE,TRUE,,,,Base,,3/1/2022,TRUE,,,TRUE,,,,,,,,,,,,
0013300001boOWT,Bravera Bank,TRUE,TRUE,TRUE,TRUE,TRUE,TRUE,,,,,,,,,,,,,,,,,,,,,,,,,,,,,,,,TRUE,TRUE,TRUE,,,,,,TRUE,,TRUE,TRUE,TRUE,TRUE,TRUE,,,,Base,,3/1/2022,TRUE,,,TRUE,,,,,,,,,,,,
0014000000NXyD5,Apple Bank for Savings,TRUE,TRUE,TRUE,,,,TRUE,TRUE,TRUE,TRUE,TRUE,,,,,,,,,TRUE,TRUE,,,,,,,,,,,,,,,,,TRUE,TRUE,TRUE,,,,TRUE,,,,TRUE,TRUE,TRUE,TRUE,TRUE,,,,Base,,3/1/2022,TRUE,,,TRUE,,IARE#IARG#IAUS#IBEL#IBHR#IBRA#ICAN#ICHE#ICHL#ICHN#ICOL#ICZE#IDEU#IDNK#IESP#IEUZN#IFIN#IFRA#IGBR#IHKG#IIDN#IIND#IIRL#IISR#IJOR#IJPN#IKOR#IKWT#ILUX#IMEX#INLD#INOR#INZL#IPER#IPHL#IPOL#IPRT#IQAT#IRUS#ISGP#ISVN#ISWE#ITHA#ITUR#ITWN#IUKR#IVNM#IWRLD,,,,,,,,,,
0014000000lJJ5a,Arch Capital,TRUE,TRUE,TRUE,,,,,,,,TRUE,TRUE,TRUE,,,TRUE,TRUE,,,,,,,,,,,,,TRUE,TRUE,TRUE,TRUE,TRUE,TRUE,TRUE,TRUE,TRUE,TRUE,TRUE,,,,,,,,TRUE,TRUE,TRUE,TRUE,TRUE,,,,Base,,3/1/2022,TRUE,,,TRUE,,International,,TRUE,,TRUE,,TRUE,,,,
0014000000NXtgU,Assurant Asset Management,TRUE,TRUE,TRUE,,,,TRUE,,TRUE,,,,,,,,,,,,,,,,,,,,,,,,,,,,,TRUE,TRUE,TRUE,,,,,,,,TRUE,TRUE,TRUE,TRUE,TRUE,,,,Base,,3/1/2022,TRUE,,,TRUE,,,,,,,,,,,,
0014000000NXqpx,Banc of California,TRUE,TRUE,TRUE,TRUE,TRUE,TRUE,,,,,,,,,,,,,,,,,,,,,,,,,,,,,,,,TRUE,TRUE,TRUE,,,,,,TRUE,,TRUE,TRUE,TRUE,TRUE,TRUE,,,,Base,,3/1/2022,TRUE,,,TRUE,,,,,,,,,,,,
001f300001xa10h,Banco Do Brasil Americas,TRUE,TRUE,TRUE,TRUE,TRUE,TRUE,,,,,,,,,,,,,,,,,,,,,,,,,,,,,,,,TRUE,TRUE,TRUE,,,,,,TRUE,,TRUE,TRUE,TRUE,TRUE,TRUE,,,,Base,,3/1/2022,TRUE,,,TRUE,,,,,,,,,,,,
0013300001eOekQ,Bangor Savings Bank,TRUE,TRUE,TRUE,TRUE,TRUE,TRUE,,,,,,,,,,,,,,,,,,,,,,,,,,,,,,,,TRUE,TRUE,TRUE,,,,,,TRUE,,TRUE,TRUE,TRUE,TRUE,TRUE,,,,Base,,3/1/2022,TRUE,,,TRUE,,,,,,,,,,,,
0014000000NXxtk,Bank Hapoalim,TRUE,TRUE,TRUE,TRUE,TRUE,TRUE,TRUE,,TRUE,,,TRUE,TRUE,,,,,,,,,,,,,,,,,,,,,,,,,TRUE,TRUE,TRUE,,,,,,TRUE,,TRUE,TRUE,TRUE,TRUE,TRUE,,,,Base,,3/1/2022,TRUE,,,TRUE,,International,,TRUE,,,,,,,,
0013300001nMZuP,Bank of Hope,TRUE,TRUE,TRUE,TRUE,TRUE,,,,,,,,,TRUE,,,,,,,,,,,,,,,,,,,,,,,,TRUE,TRUE,TRUE,,,,,,TRUE,,TRUE,TRUE,TRUE,TRUE,TRUE,,,,Base,,3/1/2022,TRUE,,,TRUE,,,,TRUE,,,,,,,,
0014000000NXt0V,Bank OZK (Bank of the Ozarks),TRUE,TRUE,TRUE,,TRUE,,TRUE,,TRUE,,,,,TRUE,,,,,,TRUE,,TRUE,,,,,,,,,,,,,,,,TRUE,TRUE,TRUE,,,,,,,,TRUE,TRUE,TRUE,TRUE,TRUE,,,,Base,,3/1/2022,TRUE,,,TRUE,,,,TRUE,,,,,,,,
0014000000xZQrx,Bankwell Bank,TRUE,TRUE,TRUE,TRUE,TRUE,TRUE,,,,,,,,,,,,,,,,,,,,,,,,,,,,,,,,TRUE,TRUE,TRUE,,,,,,TRUE,,TRUE,TRUE,TRUE,TRUE,TRUE,,,,Base,,3/1/2022,TRUE,,,TRUE,,,,CT,,,,,,,,
0014000000wCNA4,Boeing Employees Credit Union,TRUE,TRUE,TRUE,,,,,,TRUE,,,,TRUE,TRUE,TRUE,,,,,,,,,,,,,,,,,,,,,,,TRUE,TRUE,TRUE,TRUE,TRUE,TRUE,,,,,TRUE,TRUE,TRUE,TRUE,TRUE,,,,High,,3/1/2022,TRUE,,,TRUE,,,,TRUE,,,TRUE,,,,,
0014000000NXqIG,Brookline,TRUE,TRUE,TRUE,TRUE,TRUE,TRUE,,,,,,,,,,,,,,,,,,,,,,,,,,,,,,,,TRUE,TRUE,TRUE,,,,,,TRUE,,TRUE,TRUE,TRUE,TRUE,TRUE,,,,Base,,3/1/2022,TRUE,,,TRUE,,,,,,,,,,,,
0014000000ZfzE6,Cadence,TRUE,TRUE,TRUE,TRUE,TRUE,TRUE,TRUE,,TRUE,,,,,,,,,,,,,,TRUE,,,,,,,,,,,,,,,TRUE,TRUE,TRUE,,,,,,TRUE,,TRUE,TRUE,TRUE,TRUE,TRUE,,,,Base,,3/1/2022,TRUE,,,TRUE,,,,,,,,,,,,
0014000000gDsCT,Cambridge and Counties Bank,TRUE,TRUE,TRUE,,,,,,,,,,,,,,,,,,TRUE,,,,,,,,,,,,,,,,,,,,,,,,,,,TRUE,TRUE,TRUE,TRUE,TRUE,,,,Base,,3/1/2022,TRUE,,,TRUE,,IGBR#IWRLD,,,,,,,,,,
0014000000NY0SF,Caterpillar Financial Services Corporation,TRUE,TRUE,TRUE,,,,,,,,,,,,,,,,,,,,,,,,,,,,,,,,,,,TRUE,TRUE,TRUE,,,,,,,,TRUE,TRUE,TRUE,TRUE,TRUE,,,,Medium,,3/1/2022,TRUE,,,TRUE,,International,,,,,,,,,,
0014000000NXrGJ,CIT,TRUE,TRUE,TRUE,,,,TRUE,,TRUE,,TRUE,,,TRUE,,,,,,,,,,,,,,,,,,,,,,,,TRUE,TRUE,TRUE,,,,,,,,TRUE,TRUE,TRUE,TRUE,TRUE,,,,Medium,,3/1/2022,TRUE,,,TRUE,,International,,TRUE,,,,,,,,
0014000000NXrKs,Citizens Business Bank,TRUE,TRUE,TRUE,TRUE,TRUE,TRUE,,,,,,,,,,,,,,,,,,,,,,,,,,,,,,,,TRUE,TRUE,TRUE,,,,,,TRUE,,TRUE,TRUE,TRUE,TRUE,TRUE,,,,Base,,3/1/2022,TRUE,,,TRUE,,,,,,,,,,,,
0014000000NXrP5,City National Bank of Florida,TRUE,TRUE,TRUE,TRUE,TRUE,TRUE,TRUE,,TRUE,,,,,TRUE,,,,TRUE,TRUE,TRUE,TRUE,TRUE,,,,,,,,,,,,,,,,TRUE,TRUE,TRUE,,,,,,TRUE,,TRUE,TRUE,TRUE,TRUE,TRUE,,,TRUE,Base,,3/1/2022,TRUE,,,TRUE,,,,TRUE,,,,,,,,
0013300001eOeo3,Coastal States Bank,TRUE,TRUE,TRUE,TRUE,TRUE,TRUE,,,,,,,,,,,,,,,,,,,,,,,,TRUE,TRUE,TRUE,TRUE,TRUE,TRUE,TRUE,TRUE,TRUE,TRUE,TRUE,,,,,,TRUE,,TRUE,TRUE,TRUE,TRUE,TRUE,,,,Base,,3/1/2022,TRUE,,,TRUE,,,,SC#GA,,TRUE,,,,,,
0014000000daBrN,Customer's Bank,TRUE,TRUE,TRUE,TRUE,TRUE,TRUE,,,,,,,,,,,,,,,,,TRUE,,,,,,,,,,,,,,,TRUE,TRUE,TRUE,,,,,,TRUE,,TRUE,TRUE,TRUE,TRUE,TRUE,,,,Medium,,3/1/2022,TRUE,,,TRUE,,,,TRUE,,,,,,,,
0014000000NXqPp,Dell,TRUE,TRUE,TRUE,,,,,,,,,,,,,TRUE,TRUE,,,,,,,,,,,,,,,,,,,,,TRUE,TRUE,TRUE,,,,,,,,TRUE,TRUE,TRUE,TRUE,TRUE,,,,Base,,3/1/2022,TRUE,,,TRUE,,IAUS#ICAN#IDEU#IEUZN#IFRA#IGBR#IITA#IMEX#IWRLD,,,,,,,,,,
0013300001n4xpF,Elevations Credit Union,TRUE,TRUE,TRUE,TRUE,TRUE,TRUE,,,,,,,,TRUE,,,,,,,,,,,,,,,,,,,,,,,,TRUE,TRUE,TRUE,,,,,,TRUE,,TRUE,TRUE,TRUE,TRUE,TRUE,,,,Base,,3/1/2022,TRUE,,,TRUE,,,,TRUE,,,,,,,,
0014000000mGmSJ,Enstar Group Limited,TRUE,TRUE,TRUE,,,,,,,,TRUE,TRUE,TRUE,,,TRUE,TRUE,,,,,,,,,,,,,TRUE,TRUE,TRUE,TRUE,TRUE,TRUE,TRUE,TRUE,TRUE,TRUE,TRUE,,,,TRUE,,,,TRUE,TRUE,TRUE,TRUE,TRUE,,,,Base,,3/1/2022,TRUE,,,TRUE,,International,International,,,TRUE,,TRUE,,,,
001f300001uAlWu,Ent Credit Union,TRUE,TRUE,TRUE,TRUE,TRUE,TRUE,TRUE,,TRUE,,,,,TRUE,TRUE,,,,,,,,,,,,,,,TRUE,TRUE,TRUE,TRUE,TRUE,TRUE,TRUE,TRUE,TRUE,TRUE,TRUE,,TRUE,,,,TRUE,,TRUE,TRUE,TRUE,TRUE,TRUE,,,,Base,,3/1/2022,TRUE,,,TRUE,,,,TRUE,,TRUE,TRUE,,,,,
0013300001orHa5,EverTrust Bank,TRUE,TRUE,TRUE,TRUE,TRUE,TRUE,,,,,,,,,,,,,,,,,,,,,,,,,,,,,,,,TRUE,TRUE,TRUE,,,,,,TRUE,,TRUE,TRUE,TRUE,TRUE,TRUE,,,,Base,,3/1/2022,TRUE,,,TRUE,,,,,,,,,,,,
0013300001khFg1,Facebook,TRUE,TRUE,TRUE,,,,,,,,,TRUE,TRUE,,,,,,,,,,,,,,,,,TRUE,TRUE,TRUE,TRUE,TRUE,TRUE,TRUE,TRUE,TRUE,TRUE,TRUE,,,,,,,,TRUE,TRUE,TRUE,TRUE,TRUE,,,,Base,,3/1/2022,TRUE,,,TRUE,,,,,,TRUE,TRUE,TRUE,,,,
0013300001eOeqr,Farm Credit Bank Texas,TRUE,TRUE,TRUE,,,,,,,,,,,,,,,,,,,,,,,,,,,,,,,,,,,TRUE,TRUE,TRUE,,,,,,,,TRUE,TRUE,TRUE,TRUE,TRUE,,,,Medium,,3/1/2022,TRUE,,,TRUE,,,,,,,,,,,,
0014000000qUD0M,Fineco,TRUE,TRUE,TRUE,,,,,,,,,TRUE,TRUE,,,,,,,TRUE,,,,,,,,,,,,,,,,,,TRUE,TRUE,TRUE,,,,,,,,TRUE,TRUE,TRUE,TRUE,TRUE,,,,Base,,3/1/2022,TRUE,,,TRUE,,IAUT#IBEL#ICYP#IDEU#IESP#IEST#IEUZN#IFIN#IFRA#IGRC#IIRL#IITA#ILTU#ILUX#ILVA#IMLT#INLD#IPRT#ISVK#ISVN#IWRLD,,,,,,,,,,
0013300001pK8zE,First Citizens National Bank,TRUE,TRUE,TRUE,TRUE,TRUE,TRUE,,,,,,,,,,,,,,,,,,,,,,,,,,,,,,,,TRUE,TRUE,TRUE,,,,,,TRUE,,TRUE,TRUE,TRUE,TRUE,TRUE,,,,Base,,3/1/2022,TRUE,,,TRUE,,,,,,,,,,,,
0013300001eOet3,First Foundation,TRUE,TRUE,TRUE,,,,TRUE,,TRUE,,,,,TRUE,,TRUE,TRUE,,,TRUE,TRUE,,,,,,,,,,,,,,,,,TRUE,TRUE,TRUE,,,,,,,,TRUE,TRUE,TRUE,TRUE,TRUE,,,,Base,,3/1/2022,TRUE,,,TRUE,,,,TRUE,,,,,,,,
001f300001rMT1C,First Technology Federal Credit Union,TRUE,TRUE,TRUE,TRUE,TRUE,TRUE,TRUE,,TRUE,,TRUE,,,TRUE,TRUE,TRUE,TRUE,,,,,,,,,,,,,,TRUE,,,TRUE,TRUE,TRUE,,TRUE,TRUE,TRUE,TRUE,TRUE,,,,TRUE,,TRUE,TRUE,TRUE,TRUE,TRUE,,,,High,,3/1/2022,TRUE,,,TRUE,,,,TRUE,,,,,,,,
0014000000NXqX3,FirstBank (Tennessee),TRUE,TRUE,TRUE,TRUE,TRUE,TRUE,,,,,,,,,,,,,,,,,,,,,,,,,,,,,,,,TRUE,TRUE,TRUE,,,,,,TRUE,,TRUE,TRUE,TRUE,TRUE,TRUE,,,,Base,,3/1/2022,TRUE,,,TRUE,,,,TN,,,,,,,,
0014000000NXraD,FirstBank Puerto Rico,TRUE,TRUE,TRUE,,,,TRUE,,TRUE,,,,,,,,,,,,,,,,,,,,,,,,,,,,,TRUE,TRUE,TRUE,,,,,,,,TRUE,TRUE,TRUE,TRUE,TRUE,,TRUE,,Medium,,3/1/2022,TRUE,,,TRUE,,,,,,,,,,,,
0014000000NXran,Flagstar Bank,TRUE,TRUE,TRUE,,,,TRUE,,TRUE,,,,,TRUE,,,,,,,,,,,,,,,,,,,,,,,,TRUE,TRUE,TRUE,,,,,,,,TRUE,TRUE,TRUE,TRUE,TRUE,,,,Medium,,3/1/2022,TRUE,,,TRUE,,,,TRUE,,,,,,,,
0014000000NXre3,Fresno Madera Farm Credit,TRUE,TRUE,TRUE,,,,,,,,,,,,,,,TRUE,TRUE,,,,,,,,,,,,,,,,,,,TRUE,TRUE,TRUE,,,,,,,,TRUE,TRUE,TRUE,TRUE,TRUE,,,,Base,,3/1/2022,TRUE,,,TRUE,,,,,,,,,,,,
0014000000lJJGZ,FTLife Insurance Company Limited,TRUE,TRUE,TRUE,,,,,,,,,TRUE,TRUE,,,,,,,,,,,,,,,,,,,,,,,,,,,,,,,,,,,TRUE,TRUE,TRUE,TRUE,TRUE,,,,Base,,3/1/2022,TRUE,,,TRUE,,IARE#IAUS#IAUT#IBEL#IBGR#IBRA#ICAN#ICHE#ICHL#ICHN#IDEU#IESP#IEUZN#IFIN#IFRA#IGBR#IGRC#IHKG#IIDN#IIND#IIRL#IISR#IITA#IJPN#IKOR#IKWT#ILUX#IMEX#IMYS#INGA#INLD#INZL#IPER#IPHL#IPRT#IQAT#IRUS#ISAU#ISGP#ISWE#ITHA#ITUR#ITWN#IVNM#IWRLD#IZAF,,,,,,,,,,
001f3000021C1s3,General Motors LLC,TRUE,TRUE,TRUE,,,,,,,,TRUE,TRUE,TRUE,,,TRUE,TRUE,,,,,,,,,,,,,TRUE,TRUE,TRUE,TRUE,TRUE,TRUE,TRUE,TRUE,TRUE,TRUE,TRUE,,,,,,,,TRUE,TRUE,TRUE,TRUE,TRUE,,,,Base,,3/1/2022,TRUE,,,TRUE,,IBEL#ICAN#ICHE#IDEU#IESP#IEUZN#IFIN#IFRA#IGBR#IIRL#IJPN#ILUX#INLD#ISWE#IWRLD#IARG,,TRUE,,TRUE,TRUE,TRUE,,,,
0014000000NXotf,Google LLC,TRUE,TRUE,TRUE,,,,,,,,TRUE,TRUE,TRUE,,,TRUE,TRUE,,,TRUE,,,,,,,,,,TRUE,TRUE,TRUE,TRUE,TRUE,TRUE,TRUE,TRUE,TRUE,TRUE,TRUE,,,,,,,,TRUE,TRUE,TRUE,TRUE,TRUE,,,,Base,,3/1/2022,TRUE,,,TRUE,,International,,TRUE,,TRUE,TRUE,TRUE,,,,
0014000000P9MxV,Horizon Bank,TRUE,TRUE,TRUE,TRUE,TRUE,TRUE,,,,,,,,,,,,,,,,,,,,,,,,,,,,,,,,TRUE,TRUE,TRUE,,,,,,TRUE,,TRUE,TRUE,TRUE,TRUE,TRUE,,,,Base,,3/1/2022,TRUE,,,TRUE,,,,,,,,,,,,
001f300001xZ1Rq,Humana Inc,TRUE,TRUE,TRUE,,,,,TRUE,,TRUE,TRUE,,,TRUE,,TRUE,TRUE,TRUE,TRUE,,,,,,,,,,,TRUE,TRUE,TRUE,TRUE,TRUE,TRUE,TRUE,TRUE,TRUE,TRUE,TRUE,,,,TRUE,,,,TRUE,TRUE,TRUE,TRUE,TRUE,,,,Base,,3/24/2022,TRUE,,,TRUE,,ICAN#ICHE#ICHN#IDEU#IEUZN#IFRA#IGBR#IIRL#IISR#IITA#IJPN#IKOR#INLD#ISGP#IWRLD,,TRUE,,TRUE,TRUE,TRUE,,,,
0014000001YBqUV,Interamerican,TRUE,TRUE,TRUE,,,,,,,,,TRUE,TRUE,,,,,,,TRUE,,,,,,,,,,,,,,,,,,,,,,,,,,,,TRUE,TRUE,TRUE,TRUE,TRUE,,,,Base,,3/1/2022,TRUE,,,TRUE,,IDEU#IESP#IEUZN#IFRA#IGRC#IITA#ILUX#INLD#IWRLD,,,,,,,,,,
001f300001uAkke,Inter-American Investment,TRUE,TRUE,TRUE,,,,,,,,,,,,,,,,,,,,,,,,,,,,,,,,,,,,,,,,,,,,,TRUE,TRUE,TRUE,TRUE,TRUE,,,,Base,,3/1/2022,TRUE,,,TRUE,,International,,,,,,,,,,
0014000000YQWnj,Investor's Bank,TRUE,TRUE,TRUE,,,,TRUE,TRUE,TRUE,TRUE,,,,TRUE,,,,,,,,,,,,,,,,,,,,,,,,TRUE,TRUE,TRUE,,,,,,,,TRUE,TRUE,TRUE,TRUE,TRUE,,,,Medium,,3/1/2022,TRUE,,,TRUE,,,,TRUE,,,,,,,,
0013300001eOeyh,Legence Bank,TRUE,TRUE,TRUE,TRUE,TRUE,TRUE,,,,,,,,,,,,,,,,,,,,,,,,,,,,,,,,TRUE,TRUE,TRUE,,,,,,TRUE,,TRUE,TRUE,TRUE,TRUE,TRUE,,,,Base,,3/1/2022,TRUE,,,TRUE,,,,,,,,,,,,
0014000000NXum8,Lincoln Financial,TRUE,TRUE,TRUE,,,,TRUE,,TRUE,,,,,TRUE,,,,,,,,,,,,,,,,,,,,,,,,TRUE,TRUE,TRUE,,,,,,,,TRUE,TRUE,TRUE,TRUE,TRUE,,,,Base,,3/1/2022,TRUE,,,TRUE,,,,TRUE,,,,,,,,
0013300001khTfL,Logix Federal Credit Union,TRUE,TRUE,TRUE,TRUE,TRUE,TRUE,,,,,,,,,,,,,,,,,TRUE,,,,,,,,,,,,,,,TRUE,TRUE,TRUE,,,,,,TRUE,,TRUE,TRUE,TRUE,TRUE,TRUE,,,,High,,3/1/2022,TRUE,,,TRUE,,,,,,,,,,,,
0014000000NY0Hr,Mass Mutual,TRUE,TRUE,TRUE,,,,,,TRUE,,TRUE,TRUE,TRUE,TRUE,,TRUE,TRUE,,,TRUE,,,,,,,,,,,,,,TRUE,TRUE,,,TRUE,TRUE,TRUE,,,,TRUE,,,,TRUE,TRUE,TRUE,TRUE,TRUE,,,,Base,,3/1/2022,TRUE,,,TRUE,,International,,TRUE,,,,,,,,
0013300001jwuMv,Mega Bank,TRUE,TRUE,TRUE,TRUE,TRUE,TRUE,,,,,,,,,,,,,,,,,,,,,,,,,,,,,,,,TRUE,TRUE,TRUE,,,,,,TRUE,,TRUE,TRUE,TRUE,TRUE,TRUE,,,,Base,,3/1/2022,TRUE,,,TRUE,,,,CA,,,,,,,,
001f300001wR4ek,Melrose,TRUE,TRUE,TRUE,TRUE,TRUE,TRUE,,,,,,,,,,,,,,,,,,,,,,,,,,,,,,,,TRUE,TRUE,TRUE,,,,,,TRUE,,TRUE,TRUE,TRUE,TRUE,TRUE,,,,Base,,3/1/2022,TRUE,,,TRUE,,,,MA,,,,,,,,
0014000000NXrit,Mercantil,TRUE,TRUE,TRUE,,,,TRUE,,TRUE,,,,,,,,,,,,,,,,,,,,,,,,,,,,,TRUE,TRUE,TRUE,,,,,,,,TRUE,TRUE,TRUE,TRUE,TRUE,,,,Base,,3/1/2022,TRUE,,,TRUE,,,,,,,,,,,,
0013300001pgKkH,Metropolitan Bank,,,,TRUE,TRUE,TRUE,,,,,,,,,,,,,,,,,,,,,,,,,,,,,,,,TRUE,TRUE,TRUE,,,,,,TRUE,,,,,,TRUE,,,,Base,,3/1/2022,TRUE,,,TRUE,,,,,,,,,,,,
0013300001jzZ6E,Mills County State Bank,TRUE,TRUE,TRUE,TRUE,TRUE,TRUE,,,,,,,,,,,,,,,,,,,,,,,,,,,,,,,,TRUE,TRUE,TRUE,,,,,,TRUE,,TRUE,TRUE,TRUE,TRUE,TRUE,,,,Base,,3/1/2022,TRUE,,,TRUE,,,,,,,,,,,,
0014000000RaNuA,New York Community Bank,TRUE,TRUE,TRUE,,,,,,,,TRUE,,TRUE,,,TRUE,TRUE,,,,,,,,,,,,,,,,,,,,,TRUE,TRUE,TRUE,,,,,,,,TRUE,TRUE,TRUE,TRUE,TRUE,,,,Base,,3/1/2022,TRUE,,,TRUE,,International,,TRUE,,,,,,,,
0013300001eOf8H,Northwest,TRUE,TRUE,TRUE,,,,TRUE,,TRUE,,,,,TRUE,TRUE,,,,,TRUE,TRUE,TRUE,,TRUE,,,,,,,,,,,,,,TRUE,TRUE,TRUE,,,,,,,,TRUE,TRUE,TRUE,TRUE,TRUE,,,,Medium,,3/1/2022,TRUE,,,TRUE,TRUE,,,TRUE,,,,,,,,
001f300001vebec,Numerica,TRUE,TRUE,TRUE,TRUE,TRUE,TRUE,,,,,,,,,,,,,,,,,,,,,,,,,,,,,,,,TRUE,TRUE,TRUE,,,,,,TRUE,,TRUE,TRUE,TRUE,TRUE,TRUE,,,,Base,,3/1/2022,TRUE,,,TRUE,,,,,,,,,,,,
0014000000NXqsY,Orix USA Corporation,TRUE,TRUE,TRUE,TRUE,TRUE,TRUE,TRUE,,TRUE,,,,,,,,,,,,,,,,,,,,,,,,,,,,,TRUE,TRUE,TRUE,,,,,,TRUE,,TRUE,TRUE,TRUE,TRUE,TRUE,,,,Base,,3/1/2022,TRUE,,,TRUE,,,,,,,,,,,,
0014000000NXqps,Pacific Premier Bank,TRUE,TRUE,TRUE,,TRUE,,TRUE,,TRUE,,,,,,,,,TRUE,TRUE,,,,,,,,,,,,,,,,,,,TRUE,TRUE,TRUE,,,,,,,,TRUE,TRUE,TRUE,TRUE,TRUE,,,,Base,,3/1/2022,TRUE,,,TRUE,,,,,,,,,,,,
0014000000NXoSe,PCSB Bank,TRUE,TRUE,TRUE,TRUE,TRUE,TRUE,,,,,,,,,,,,,,,,,TRUE,,,,,,,,,,,,,,,TRUE,TRUE,TRUE,,,,,,TRUE,,TRUE,TRUE,TRUE,TRUE,TRUE,,,,Base,,3/1/2022,TRUE,,,TRUE,,,,,,,,,,,,
0013300001ifPhZ,Penn Community Bank,TRUE,TRUE,TRUE,TRUE,TRUE,TRUE,,,,,,,,,,,,,,,,,,,,,,,,,,,,,,,,TRUE,TRUE,TRUE,,,,,,TRUE,,TRUE,TRUE,TRUE,TRUE,TRUE,,,,Base,,3/1/2022,TRUE,,,TRUE,,,,,,,,,,,,
0013300001eOf2X,Peoples State Bank,TRUE,TRUE,TRUE,TRUE,TRUE,TRUE,,,,,,,,,,,,,,,,,,,,,,,,,,,,,,,,TRUE,TRUE,TRUE,,,,,,TRUE,,TRUE,TRUE,TRUE,TRUE,TRUE,,,,Base,,3/1/2022,TRUE,,,TRUE,,,,,,,,,,,,
0013300001mtTJ6,Plains Capital (Hilltop),TRUE,TRUE,TRUE,,,,TRUE,,TRUE,,,,,TRUE,,,,,,TRUE,TRUE,,,,,,,,,,,,,,,,,TRUE,TRUE,TRUE,,,,,,,,TRUE,TRUE,TRUE,TRUE,TRUE,,,,Base,,3/1/2022,TRUE,,,TRUE,,,,TRUE,,,TRUE,,,,,
0013300001eOf3f,Professional Bank,TRUE,TRUE,TRUE,TRUE,TRUE,TRUE,TRUE,,TRUE,,,,,,,,,,,,,,,,,,,,,,,,,,,,,TRUE,TRUE,TRUE,,,,,,TRUE,,TRUE,TRUE,TRUE,TRUE,TRUE,,,,Base,,3/1/2022,TRUE,,,TRUE,,,,,,,,,,,,
0014000000NXwrD,Protective Life,TRUE,TRUE,TRUE,,,,TRUE,,TRUE,,,,,,,,,,,,,,,,,,,,,,,,,,,,,TRUE,TRUE,TRUE,,,,,,,,TRUE,TRUE,TRUE,TRUE,TRUE,,,,Base,,3/1/2022,TRUE,,,TRUE,,,,,,,,,,,,
0014000000NXtsA,Raymond James & Associates,TRUE,TRUE,TRUE,TRUE,TRUE,TRUE,,,,,,,,,,,,,,,,,,,,,,,,,,,,,,,,TRUE,TRUE,TRUE,,,,,,TRUE,,TRUE,TRUE,TRUE,TRUE,TRUE,,,,Base,,3/1/2022,TRUE,,,TRUE,,,,,,,,,,,,
0014000000NY0Qd,Raymond James Securities,TRUE,TRUE,TRUE,,,,,,,,TRUE,,,,,TRUE,TRUE,,,,,,,,,,,,,,,,,,,,,TRUE,TRUE,TRUE,,,,,,,,TRUE,TRUE,TRUE,TRUE,TRUE,,,,Base,,3/1/2022,TRUE,,,TRUE,,International,,TRUE,,,,,,,,
salespoc,Sales,TRUE,TRUE,TRUE,TRUE,TRUE,TRUE,TRUE,,TRUE,,TRUE,TRUE,TRUE,TRUE,,TRUE,TRUE,TRUE,TRUE,,,,,,,,,,,,,,,,,,,TRUE,TRUE,TRUE,,,,,,TRUE,,TRUE,TRUE,TRUE,TRUE,TRUE,,,,Base,TRUE,3/1/2022,TRUE,,,TRUE,,,,TRUE,,,,,,,,
0014000000NXvys,Seacoast Bank,TRUE,TRUE,TRUE,TRUE,TRUE,,TRUE,,TRUE,,TRUE,,,,,,,,,,,,,,,,,,,,,,,TRUE,TRUE,,,TRUE,TRUE,TRUE,,,,,,TRUE,,TRUE,TRUE,TRUE,TRUE,TRUE,,,,Medium,,3/1/2022,TRUE,,,TRUE,,,,,,,,,,,,
0014000000NXys2,Signature,TRUE,TRUE,TRUE,TRUE,,,,,,,,,,,,,,,,,,,,,,,,,,,,,,,,,,TRUE,TRUE,TRUE,,,,,,TRUE,,TRUE,TRUE,TRUE,TRUE,TRUE,,,,Base,,3/1/2022,TRUE,,,TRUE,,,,,,,,,,,,
0014000000YQWev,Southside,TRUE,TRUE,TRUE,,TRUE,,TRUE,,TRUE,,,,,,,,,,,TRUE,TRUE,TRUE,,,,,,,,,,,,,,,,TRUE,TRUE,TRUE,,,,,,,,TRUE,TRUE,TRUE,TRUE,TRUE,,,,Base,,3/1/2022,TRUE,,,TRUE,,,,,,,,,,,,
0014000000NXqb2,Southstate,TRUE,TRUE,TRUE,,,,,,,,,,,,,,,,,,,,,,,,,,,,,,,,,,,TRUE,TRUE,TRUE,,,,,,,,TRUE,TRUE,TRUE,TRUE,TRUE,,,,Base,,3/1/2022,TRUE,,,TRUE,,,,,,,,,,,,
0014000000NXsCc,Standard Insurance Company,TRUE,TRUE,TRUE,,,,TRUE,,TRUE,,TRUE,,,,,,,,,,,,,,,,,,,TRUE,TRUE,TRUE,TRUE,TRUE,TRUE,TRUE,TRUE,TRUE,TRUE,TRUE,,,,,,,,TRUE,TRUE,TRUE,TRUE,TRUE,,,,Base,,3/1/2022,TRUE,,,TRUE,,,,,,TRUE,TRUE,TRUE,,,,
0014000000Pp70r,Sterling,TRUE,TRUE,TRUE,TRUE,,,TRUE,TRUE,TRUE,TRUE,,,,TRUE,,,,,,,,,,,,,,,,,,,,,,,,TRUE,TRUE,TRUE,,,,,,TRUE,,TRUE,TRUE,TRUE,TRUE,TRUE,,,,Base,,3/1/2022,TRUE,,,TRUE,,,,TRUE,,,,,,,,
0014000000NXsPP,Stifel,TRUE,TRUE,TRUE,TRUE,TRUE,,TRUE,,TRUE,,TRUE,,,TRUE,,,,TRUE,TRUE,TRUE,TRUE,TRUE,TRUE,,,,,,,,,,,,,,,TRUE,TRUE,TRUE,,,,,,TRUE,,TRUE,TRUE,TRUE,TRUE,TRUE,,,,Base,,3/1/2022,TRUE,,,TRUE,,,,TRUE,,,,,,,,
0014000000NXyui,"Stifel, Nicolaus & Company",TRUE,TRUE,TRUE,,,,,,,,TRUE,,,,,TRUE,TRUE,,,,,,,,,,,,,,,,,,,,,TRUE,TRUE,TRUE,,,,,,,,TRUE,TRUE,TRUE,TRUE,TRUE,,,,Base,,3/1/2022,TRUE,,,TRUE,,,,,,,,,,,,
0014000000NXx2p,Sunflower Bank,TRUE,TRUE,TRUE,TRUE,TRUE,TRUE,,,,,,,,TRUE,,,,,,,,,,,,,,,,TRUE,TRUE,TRUE,TRUE,TRUE,TRUE,TRUE,TRUE,TRUE,TRUE,TRUE,,,,,,TRUE,,TRUE,TRUE,TRUE,TRUE,TRUE,,,,Base,,3/1/2022,TRUE,,,TRUE,,,,TRUE,,TRUE,,,,,,
0014000000NXwAq,TCF Bank,TRUE,TRUE,TRUE,,,TRUE,,,,,,,,,,,,,,,,,,,,,,,,,,,,,,,,TRUE,TRUE,TRUE,,,,,,,,TRUE,TRUE,TRUE,TRUE,TRUE,,,,Medium,,3/1/2022,TRUE,,,TRUE,,,,TRUE,TRUE,,,,,,,
0014000000NY02i,The Manufacturers Life Insurance Company,TRUE,TRUE,TRUE,,,,,,,,TRUE,TRUE,TRUE,,,,,,,,,,,,,,,,,,,,,,,,,TRUE,TRUE,TRUE,,,,,,,,TRUE,TRUE,TRUE,TRUE,TRUE,,,,Base,,3/1/2022,TRUE,,,TRUE,,International,,TRUE,,,,,,,,
0014000000NXsZ4,TriState,TRUE,TRUE,TRUE,TRUE,TRUE,TRUE,,,,,TRUE,,,,,,,,,,,,,,,,,,,,,,,,,,,TRUE,TRUE,TRUE,,,,,,TRUE,,TRUE,TRUE,TRUE,TRUE,TRUE,,,,Base,,3/1/2022,TRUE,,,TRUE,,International,,NJ#NY#OH#PA,,,,,,,,
0014000000YQWZL,Unipol,TRUE,TRUE,TRUE,,,,,,,,,TRUE,TRUE,,,,,,,TRUE,,,,,,,,,,,,,,,,,,TRUE,TRUE,TRUE,,,,,,,,TRUE,TRUE,TRUE,TRUE,TRUE,,,,Base,,3/1/2022,TRUE,,,TRUE,,International,,,,,,,,,,
validation,Validation,TRUE,TRUE,TRUE,TRUE,TRUE,TRUE,TRUE,,TRUE,,TRUE,TRUE,TRUE,TRUE,,TRUE,TRUE,TRUE,TRUE,,,,,,,,,,,,,,,,,,,TRUE,TRUE,TRUE,,,,,,TRUE,,TRUE,TRUE,TRUE,TRUE,TRUE,,,,Base,,3/1/2022,TRUE,,,TRUE,,,,TRUE,,,,,,,,
001f300001xADCw,VICI Properties,TRUE,TRUE,TRUE,,,,,,TRUE,,,,,,,,,,,TRUE,,,,,,,,,,,,,,,,,,TRUE,TRUE,TRUE,,,,,,,,TRUE,TRUE,TRUE,TRUE,TRUE,,,,Base,,3/1/2022,TRUE,,,TRUE,,,,,,,,,,,,
0013300001eOf9v,Vista Bank,TRUE,TRUE,TRUE,TRUE,TRUE,TRUE,,,,,,,,,,,,,,,,,,,,,,,,,,,,,,,,TRUE,TRUE,TRUE,,,,,,TRUE,,TRUE,TRUE,TRUE,TRUE,TRUE,,,,Base,,3/1/2022,TRUE,,,TRUE,,,,,,,,,,,,
0014000000NXzuu,Voya Services Company (ING NA Insurance Corp),TRUE,TRUE,TRUE,,,,TRUE,,TRUE,,,TRUE,TRUE,,,,,,,,,,,,,,,,,,,,,,,,,TRUE,TRUE,TRUE,,,,TRUE,,,,TRUE,TRUE,TRUE,TRUE,TRUE,,,,Base,,3/1/2022,TRUE,,,TRUE,,,,,,,,,,,,
0013300001kj5Le,Vystar,TRUE,TRUE,TRUE,,TRUE,,TRUE,,TRUE,,,,,TRUE,TRUE,,,TRUE,TRUE,,,,,,,,,,,,,,,,,,,TRUE,TRUE,TRUE,TRUE,,,,,,,TRUE,TRUE,TRUE,TRUE,TRUE,,,,Medium,,3/1/2022,TRUE,,,TRUE,,,,TRUE,,,TRUE,,,,,
0014000000NXyHq,Webster,TRUE,TRUE,TRUE,,,,,,,,TRUE,,,,,TRUE,TRUE,,,,,,,,,,,,,,,,,,,,,TRUE,TRUE,TRUE,,,,,,,,TRUE,TRUE,TRUE,TRUE,TRUE,,,,Base,,3/1/2022,TRUE,,,TRUE,,International,,TRUE,,,,,,,,
0014000000NXqCk,BKD,TRUE,TRUE,,TRUE,,TRUE,,,,,,,,,,,,,,,,,,,,,,,,,,,,,,,,TRUE,TRUE,TRUE,,,,,,TRUE,,TRUE,TRUE,TRUE,TRUE,TRUE,,,,Base,,3/1/2022,TRUE,,,TRUE,,,,,,,,,,,,
001f300001vedj5,GMS,TRUE,TRUE,,,,,,,,,,,,,,,,,,,,,,,,,,,,,,,,,,,,TRUE,TRUE,TRUE,,,,,,,,TRUE,TRUE,TRUE,TRUE,TRUE,,,,Base,,3/1/2022,TRUE,,,TRUE,,,,,,,,,,,,
0014000000NXtrw,Paypal,TRUE,TRUE,,,,,,,,,,,,,,,,,,,,,,,,,,,,,,,,,,,,TRUE,TRUE,TRUE,,,,,,,,TRUE,TRUE,TRUE,TRUE,TRUE,,,,Base,,3/1/2022,TRUE,,,TRUE,,,,,,,,,,,,
0014000000NXrRk,Columbia Credit Union,TRUE,TRUE,TRUE,TRUE,TRUE,TRUE,,,,,,,,,,,,,,,,,,,,,,,,,,,,,,,,TRUE,TRUE,TRUE,,,,,,TRUE,,TRUE,TRUE,TRUE,TRUE,TRUE,,,,Base,,3/1/2022,TRUE,,,TRUE,,,,,,,,,,,,
0014000000NXyPN,Accord,TRUE,TRUE,TRUE,,,,,,,,,,,,,,,,,TRUE,,,,,,,,,,,,,,,,,,TRUE,TRUE,TRUE,,,,,,,,TRUE,TRUE,TRUE,TRUE,TRUE,,,,Base,,3/1/2022,TRUE,,,TRUE,,ICAN#IWRLD,,,,,,,TRUE,TRUE,TRUE,TRUE
001f300001veyZf,Crossriver,TRUE,TRUE,TRUE,TRUE,TRUE,TRUE,,,TRUE,,,,,,,,,,,,,,,,,,,,,,,,,,,,,TRUE,TRUE,TRUE,,,,,,TRUE,,TRUE,TRUE,TRUE,TRUE,TRUE,,,,Base,,3/1/2022,TRUE,,,TRUE,,,,,,,,,,,,
0014000000NXvPZ,Merrick Bank,TRUE,TRUE,TRUE,,,,,,,,TRUE,,,,TRUE,TRUE,TRUE,,,,,,,,,,,,,,,,,,,,,TRUE,TRUE,TRUE,TRUE,,,,,,,TRUE,TRUE,TRUE,TRUE,TRUE,,,,Base,,3/1/2022,TRUE,,,TRUE,,,,TRUE,,,TRUE,,,,,
0014000000NY07D,USAA,TRUE,TRUE,,,,,,,,,,,,,,,,,,,,,,,,,,,,,,,,,,,,TRUE,TRUE,TRUE,,,,,,,,TRUE,TRUE,TRUE,TRUE,TRUE,,,,Base,,3/1/2022,TRUE,,,TRUE,,,,,,,,,TRUE,TRUE,TRUE,TRUE
0013300001msGBr,Citizens Community Federal National Association,TRUE,TRUE,TRUE,TRUE,TRUE,TRUE,,,,,,,,,,,,,,,,,,,,,,,,,,,,,,,,TRUE,TRUE,TRUE,,,,,,TRUE,,TRUE,TRUE,TRUE,TRUE,TRUE,,,,Base,,3/1/2022,TRUE,,,TRUE,,,,,,,,,,,,
0014000000NXtEW,"TIAA, FSB (fka EverBank)",TRUE,TRUE,TRUE,,,,,,TRUE,,,,TRUE,TRUE,,,,,,TRUE,TRUE,TRUE,,,,,,,,TRUE,TRUE,TRUE,TRUE,TRUE,TRUE,TRUE,TRUE,TRUE,TRUE,TRUE,,,,,,,,TRUE,TRUE,TRUE,TRUE,TRUE,,,,Base,,3/1/2022,TRUE,,,TRUE,,,,TRUE,,TRUE,,,,,,
0014000000NXphs,Atradius Information Services B.V.,TRUE,TRUE,TRUE,,,,,,,,,,TRUE,,,,,,,TRUE,,,,,,,,,,,,,,,,,,,,,,,,,,,,TRUE,TRUE,TRUE,TRUE,TRUE,,,,Base,,3/1/2022,TRUE,,,TRUE,,International,,,,,,,,,,
0013300001eOeuc,First State Bank and Trust Fremont,TRUE,TRUE,TRUE,,,,,,,,,,,,,,,,,,,,,,,,,,,,,,,,,,,TRUE,TRUE,TRUE,,,,,,,,TRUE,TRUE,TRUE,TRUE,TRUE,,,,Base,,3/1/2022,TRUE,,,TRUE,,,,,,,,,,,,
0014000000vnJYt,Gorham Savings Bank,TRUE,TRUE,TRUE,TRUE,TRUE,TRUE,,,,,,,,,,,,,,,,,,,,,,,,,,,,,,,,TRUE,TRUE,TRUE,,,,,,TRUE,,TRUE,TRUE,TRUE,TRUE,TRUE,,,,Base,,3/1/2022,TRUE,,,TRUE,,,,,,,,,,,,
0013300001eOf31,Plains Commerce Bank,TRUE,TRUE,TRUE,TRUE,TRUE,TRUE,,,,,,,,,,,,,,,,,,,,,,,,,,,,,,,,TRUE,TRUE,TRUE,,,,,,TRUE,,TRUE,TRUE,TRUE,TRUE,TRUE,,,,Base,,3/1/2022,TRUE,,,TRUE,,,,,,,,,,,,
0013300001bMJ8W,The Ephrata National Bank,TRUE,TRUE,TRUE,TRUE,TRUE,TRUE,,,,,,,,,,,,,,,,,,,,,,,,,,,,,,,,TRUE,TRUE,TRUE,,,,,,TRUE,,TRUE,TRUE,TRUE,TRUE,TRUE,,,,Base,,3/1/2022,TRUE,,,TRUE,,,,,,,,,,,,
0013300001khTxX,Teachers Federal Credit Union,TRUE,TRUE,TRUE,,,,,,TRUE,,,,,TRUE,TRUE,,,,,,,,TRUE,,,,,,,TRUE,TRUE,TRUE,TRUE,TRUE,TRUE,TRUE,TRUE,TRUE,TRUE,TRUE,TRUE,TRUE,TRUE,,TRUE,,,TRUE,TRUE,TRUE,TRUE,TRUE,,,,Base,,3/1/2022,TRUE,,,TRUE,,,,TRUE,,TRUE,,,,,,
0014000000XemIL,American National Insurance Company,TRUE,TRUE,TRUE,,,,TRUE,,TRUE,,TRUE,TRUE,TRUE,,,TRUE,TRUE,,,,,,,,,,,,,TRUE,TRUE,TRUE,TRUE,TRUE,TRUE,TRUE,TRUE,TRUE,TRUE,TRUE,,,,TRUE,,,,TRUE,TRUE,TRUE,TRUE,TRUE,,,,Base,,3/1/2022,TRUE,,,TRUE,,International,,TRUE,,TRUE,,,,,,
0014000000NXuLU,Hancock Whitney Bank,TRUE,TRUE,TRUE,,,,,,TRUE,,,,,TRUE,TRUE,,,,,TRUE,TRUE,TRUE,,,,,,,,,,,,,,,,TRUE,TRUE,TRUE,TRUE,TRUE,,,,,,TRUE,TRUE,TRUE,TRUE,TRUE,,,,Base,,3/1/2022,TRUE,,,TRUE,,,,TRUE,,,TRUE,,,,,
0014000000NY0IZ,Sunlife Financial,TRUE,TRUE,TRUE,,,,,,,,,,TRUE,,,,,,,,,,,,,,,,,,,,,,,,,TRUE,TRUE,TRUE,,,,,,,,TRUE,TRUE,TRUE,TRUE,TRUE,,,,Base,,3/1/2022,TRUE,,,TRUE,,International,,,,,,,,,,
0014000000qRNqg,ITAS,TRUE,TRUE,TRUE,,,,,,,,,,TRUE,,,,,,,TRUE,,,,,,,,,,,,,,,,,,TRUE,TRUE,TRUE,,,,,,,,TRUE,TRUE,TRUE,TRUE,TRUE,,,,Base,,3/1/2022,TRUE,,,TRUE,,IAUT#IBEL#IBGR#IHRV#ICYP#ICZE#IDNK#IEST#IFIN#IFRA#IDEU#IGRC#IHUN#IIRL#IITA#ILVA#ILUX#ILTU#IMLT#INLD#IPOL#IPRT#IROU#ISVK#ISVN#IESP#ISWE#IGBR#IWRLD#IEUZN,,,,,,,,,,
0014000000YQWc5,SARA Sara Assicurazioni S.p.a.,TRUE,TRUE,TRUE,,,,,,,,,,TRUE,,,,,,,TRUE,,,,,,,,,,,,,,,,,,TRUE,TRUE,TRUE,,,,,,,,TRUE,TRUE,TRUE,TRUE,TRUE,,,,Base,,3/1/2022,TRUE,,,TRUE,,IAUT#IBEL#IBGR#IHRV#ICYP#ICZE#IDNK#IEST#IFIN#IFRA#IDEU#IGRC#IHUN#IIRL#IITA#ILVA#ILUX#ILTU#IMLT#INLD#IPOL#IPRT#IROU#ISVK#ISVN#IESP#ISWE#IGBR#IWRLD#ICHE#IEUZN,,,,,,,,,,
0014000000NXvgs,Pentagon Federal Credit Union,TRUE,TRUE,TRUE,,,,,,TRUE,,,,,TRUE,,,,,,,,,,,,,,,,,,,,,,,,TRUE,TRUE,TRUE,TRUE,TRUE,,,,,,TRUE,TRUE,TRUE,TRUE,TRUE,,,,Base,,3/1/2022,TRUE,,,TRUE,TRUE,,,TRUE,,,TRUE,,,,,
0014000000NXr87,Central Valley,TRUE,TRUE,TRUE,TRUE,TRUE,TRUE,,,TRUE,,TRUE,,TRUE,,,TRUE,TRUE,,,TRUE,TRUE,TRUE,,,,,,,,TRUE,TRUE,TRUE,TRUE,TRUE,TRUE,TRUE,TRUE,,TRUE,,,,,,,TRUE,,TRUE,TRUE,TRUE,TRUE,TRUE,,,,Base,,3/1/2022,TRUE,,,TRUE,,,,,,TRUE,,,,,,
0013300001nMlkU,SNB Bank National Association,,,,,,,,,,,,,,,,,,,,,,,,,,,,,,,,,,,,,,TRUE,,TRUE,,,,,,,,TRUE,TRUE,TRUE,TRUE,TRUE,,,,Base,,3/1/2022,TRUE,,TRUE,,,,,,,,,,,,,
0013300001eOetf,First National Bank of Dublin,,,,,,,,,,,,,,,,,,,,,,,,,,,,,,,,,,,,,,TRUE,,TRUE,,,,,,,,TRUE,TRUE,TRUE,TRUE,TRUE,,,,Base,,3/1/2022,TRUE,,TRUE,,,,,,,,,,,,,
001f300001xP2zJ,First Federal Bank of Kansas City,TRUE,TRUE,TRUE,,TRUE,,,,,,,,TRUE,,,,,,,,,,,,,,,,,,,,,,,,,,,,,,,,,,,TRUE,TRUE,TRUE,TRUE,TRUE,,,,Base,,3/1/2022,TRUE,,,TRUE,,,,,,,,,,,,
0013300001haPwE,BancABC African Banking Corporation,TRUE,TRUE,TRUE,,,,,,,,,,TRUE,,,,,,,TRUE,TRUE,TRUE,,,,,,,,,,,,,,,,,,,,,,,,,,TRUE,TRUE,TRUE,TRUE,,,,,Base,,3/1/2022,TRUE,,,,,IWRLD#IZMB,,,,,,,,,,
001f300001uo1GF,"Patriot Bank, National Association",TRUE,TRUE,TRUE,TRUE,TRUE,TRUE,,,,,,,,,,,,,,,,,,,,,,,,,,,,,,,,,TRUE,,,,,,,TRUE,,TRUE,TRUE,TRUE,TRUE,TRUE,,,,Base,,3/1/2022,TRUE,,,TRUE,,,,,,,,,,,,
0014000000YQWdu,Swisslife,TRUE,TRUE,TRUE,,,,,,,,,,TRUE,,,,,,,,,,,,,,,,,,,,,,,,,,,,,,,,,,TRUE,TRUE,TRUE,TRUE,TRUE,,,,,Medium,,4/21/2022,TRUE,,,,,,,,,,,,,,,
0013300001eOf4J,Rock Canyon,,,,TRUE,TRUE,TRUE,,,,,,,,,,,,,,,,,,ag,,,,,,,,,,,,,,,TRUE,,,,,,,TRUE,,TRUE,TRUE,TRUE,TRUE,TRUE,,,,Base,,3/1/2022,TRUE,,,TRUE,,,,,,,,,,,,
0013300001eOema,Castroville,,,,,,,,,,,,,,,,,,,,,,,,,,,,,,,,,,,,,,TRUE,,TRUE,,,,,,,,TRUE,TRUE,TRUE,TRUE,TRUE,,,,Base,,3/1/2022,TRUE,,TRUE,,,,,,,,,,,,,
0014y000026PZMb,Med Mutual,TRUE,TRUE,TRUE,,,,,,,,,,TRUE,,,,,,,,,,,,,,,,,TRUE,,TRUE,TRUE,,,,TRUE,,,,,,,,,,,TRUE,TRUE,TRUE,TRUE,TRUE,,,,Base,,3/1/2022,TRUE,,,TRUE,,,,,,TRUE,,,,,,
0014000000NY0Iw,Ameriprise,,,,,,,,,,,,,,,,,,,,,,,TRUE,,,,,,,,,,,,,,,TRUE,,,,,,,,,,TRUE,TRUE,TRUE,TRUE,TRUE,,,,Base,,3/1/2022,TRUE,,,TRUE,,,,,,,,,,,,
001f300001sUCk6,FairSquare,,,,,,,,,,,,,,,,,,,,,,,,,,,,,,,,,,,,,,,,,TRUE,,,,,,,TRUE,TRUE,TRUE,TRUE,TRUE,,,,Base,,3/1/2022,TRUE,,,TRUE,,,,TRUE,,,,,,,,
0014000000PpOP5,Citizens Bank of Philadelphia,,,,TRUE,TRUE,TRUE,,,,,,,,,,,,,,,,,,,,,,,,,,,,,,,,,TRUE,,,,,,,TRUE,,TRUE,TRUE,TRUE,TRUE,,,,,Base,,3/1/2022,TRUE,,,TRUE,,,,,,,,,,,,
001f3000020EZls,ZA Bank,TRUE,TRUE,TRUE,,,,,,,,,,TRUE,,,,,,,,,,,,,,,,,,,,,,,,,,,,,,,,,,,TRUE,TRUE,TRUE,TRUE,,,,,Base,,3/1/2022,TRUE,,,,,ICHN#IHKG#IWRLD,,,,,,,,,,
0014000000NXx3S,Liberty Mutual,,,,,,,TRUE,,TRUE,,TRUE,,,,,TRUE,TRUE,,,,,,,,,,,,,,,,,TRUE,TRUE,,,,,,,,,,,,,TRUE,TRUE,TRUE,TRUE,TRUE,,,,Base,,3/1/2022,TRUE,,,TRUE,,,,,,,,,TRUE,TRUE,TRUE,TRUE
0014000000NXxch,Alaska Growth Capital,,,,,,,,,,,,,,,,,,,,,,,,,,,,,,,,,,,,,,TRUE,TRUE,TRUE,,,,,,,,TRUE,TRUE,TRUE,TRUE,TRUE,,,,Base,,3/1/2022,TRUE,,TRUE,,,,,,,,,,,,,
0013300001eOept,CUSB,,,,TRUE,TRUE,TRUE,,,,,,,,,,,,,,,,,,,,,,,,,,,,,,,,,TRUE,,,,,,,TRUE,,TRUE,TRUE,TRUE,TRUE,TRUE,,,,Base,,3/1/2022,TRUE,,,TRUE,,,,,,,,,,,,
0014000000NXyvA,Simmons First National Corporation,TRUE,,TRUE,,,,TRUE,,TRUE,,TRUE,,TRUE,TRUE,,TRUE,TRUE,,,TRUE,TRUE,TRUE,TRUE,,,,,,,TRUE,TRUE,TRUE,TRUE,TRUE,TRUE,TRUE,TRUE,TRUE,TRUE,,TRUE,TRUE,,,,TRUE,TRUE,TRUE,TRUE,TRUE,TRUE,TRUE,,,,Base,,8/3/2022,TRUE,,,TRUE,,,,TRUE,,TRUE,,,,,,
001f300001rM0qb,Innovate,TRUE,TRUE,TRUE,,,,,,,,,,TRUE,,,,,,,,,,,,,,,,,,,,,,,,,,,,,,,,,,,TRUE,TRUE,TRUE,TRUE,,,,,Base,,3/1/2022,TRUE,,,,,IGBR#IWRLD,,,,,,,,,,
0014000000NY08A,Europe Arab Bank,TRUE,TRUE,TRUE,,,,,,,,,,TRUE,,,,,,,TRUE,,,,,,,,,,,,,,,,,,,,,,,,,,,TRUE,TRUE,TRUE,TRUE,TRUE,TRUE,,,,Base,,4/21/2022,TRUE,,,TRUE,,IAUS#IEUZN#IFRA#ISAU#IGBR#IEGY#IDEU#IWRLD#IARE#IJOR#IOMN,,,,,,,,,,
0013300001jygMa,Family Guardian Insurance,TRUE,TRUE,,,,,,,,,,,TRUE,,,,,,,,,,TRUE,,,,,,,TRUE,TRUE,TRUE,TRUE,TRUE,TRUE,TRUE,TRUE,,,,,,,,,,,TRUE,TRUE,TRUE,TRUE,TRUE,,,,Base,,3/1/2022,TRUE,,,TRUE,,#IWRLD#IBHS,,,,,TRUE,TRUE,,,,
0013300001kj46p,The Citizens bank,,,,TRUE,TRUE,TRUE,,,,,,,,,,,,,,,,,,,,,,,,,,,,,,,,,TRUE,,,,,,,TRUE,,TRUE,TRUE,TRUE,TRUE,TRUE,,,,Base,,3/1/2022,TRUE,,,TRUE,,,,,,,,,,,,
0014y00002PTHeK,Moody's ZM,,,,,,,,,,,,,,,,,,,,,,,,,,,,,,,,,,,,,,TRUE,,,,,,,,,,TRUE,TRUE,TRUE,TRUE,,,,,Base,TRUE,3/1/2022,TRUE,,,TRUE,,,,,,,,,,,,
0014000000NY0Ke,CCBNY,,,,TRUE,,TRUE,,,,,,,,,,,,,,,,,,,,,,,,,,,,,,,,,TRUE,,,,,,,TRUE,,TRUE,TRUE,TRUE,TRUE,TRUE,,,,Base,,3/1/2022,TRUE,,,TRUE,,,,,,,,,,,,
0014000000NXq00,Mechanics,,,,TRUE,,,TRUE,,TRUE,,,,,TRUE,TRUE,,,,,,,,,,,,,,,TRUE,TRUE,,,TRUE,TRUE,TRUE,,,TRUE,,,,,,,TRUE,,TRUE,TRUE,TRUE,TRUE,TRUE,,,,Base,,3/1/2022,TRUE,,,TRUE,,,,TRUE,,TRUE,,,,,,
001f3000021C8zD,"Resolution Life	",TRUE,,TRUE,,,,TRUE,,TRUE,,TRUE,,TRUE,TRUE,,TRUE,TRUE,,,,,,,,,,,,,TRUE,TRUE,TRUE,TRUE,TRUE,TRUE,TRUE,TRUE,,,,,,,TRUE,,,,TRUE,TRUE,TRUE,TRUE,TRUE,,,,Base,,3/1/2022,TRUE,,,TRUE,,IAUS#IGBR#INZL#IWRLD,,,,TRUE,,,,,,
0013300001diOhB,"Marlette Funding	",,,,,,,,,,,,,,,,,,,,,,,,,,,,,,,,,,,,,,,,,TRUE,TRUE,,,,,,TRUE,TRUE,TRUE,TRUE,TRUE,,,,Base,,3/1/2022,TRUE,,,TRUE,,,,TRUE,,,,,,,,
0014000000NXw3V,Bank of San Francisco,,,,,,,,,,,,,,,,,,,,,,,,,,,,,,,,,,,,,,TRUE,TRUE,TRUE,,,,,,,,TRUE,TRUE,TRUE,TRUE,TRUE,,,,Base,,3/1/2022,TRUE,,TRUE,,,,,,,,,,,,,
0014000000NXzvU,IFAD,TRUE,TRUE,TRUE,,,,,,,,,,TRUE,,,,,,,TRUE,,,,,,,,,,,,,,,,,,,,,,,,,,,TRUE,TRUE,TRUE,TRUE,TRUE,TRUE,,,,Base,,3/1/2022,TRUE,,,TRUE,,International,,,,,,,,,,
0013300001eOemG,BTC Bank,,,,,,,,,,,,,,,,,,,,,,,,,,,,,,,,,,,,,,TRUE,TRUE,TRUE,,,,,,,,TRUE,TRUE,TRUE,TRUE,TRUE,,,,Base,,3/1/2022,TRUE,,TRUE,,,,,,,,,,,,,
0014000000lJJ9v,Chaucer,TRUE,TRUE,TRUE,,,,,,,,,,TRUE,,,,,,,TRUE,,,,,,,,,,,,,,,,,,,,,,,,,,,,TRUE,TRUE,TRUE,TRUE,TRUE,,,,Base,,3/1/2022,TRUE,,,TRUE,,ICAN#IEUZN#IGBR#IBEL#ICHE#IDNK#IDEU#IESP#IFIN#INOR#ISWE#IFRA#IIRL#IITA#ILUX#INLD#IWRLD,,,,,,,,,,
0014000000vnrHJ,Foresters,TRUE,,TRUE,,TRUE,TRUE,,,,,TRUE,,TRUE,,,TRUE,TRUE,TRUE,TRUE,,,,,,,,,,,TRUE,TRUE,TRUE,TRUE,TRUE,TRUE,TRUE,TRUE,,TRUE,,,,,,,TRUE,,TRUE,TRUE,TRUE,TRUE,TRUE,,,,Base,,5/23/2022,TRUE,,,TRUE,,ICAN#IWRLD,,,,TRUE,,,,,,
0013300001eOf9F,Union Bank,,,,TRUE,TRUE,TRUE,,,,,,,,,,,,,,,,,,,,,,,,,,,,,,,,,TRUE,,,,,,,TRUE,,TRUE,TRUE,TRUE,TRUE,TRUE,,,,Base,,3/9/2022,TRUE,,,TRUE,,,,,,,,,,,,
0014000000NXrob,Bank of East Asia BEA,TRUE,TRUE,TRUE,TRUE,TRUE,TRUE,,,,,,,,,,,,,,,,,,,,,,,,,,,,,,,,,TRUE,,,,,,,,,TRUE,TRUE,TRUE,TRUE,TRUE,,,,,,3/24/2022,TRUE,,,TRUE,,,,,,,,,,,,
0014000000PpBaj,Modern Bank,,,,,,TRUE,,,,,,,,,,,,,,,,,,,,,,,,,,,,,,,,,TRUE,,,,,,,TRUE,,TRUE,TRUE,TRUE,TRUE,TRUE,,,,,,3/24/2022,TRUE,,,TRUE,,,,,,,,,,,,
001f300001xY1Hy,Regional Management,,,,,,,,,,,,,,,,,,,,,,,,,,,,,,,,,,,,,,,,,,TRUE,,,,,,TRUE,TRUE,TRUE,TRUE,TRUE,,,,,,3/24/2022,TRUE,,,TRUE,,,,TRUE,,,,,,,,
001f300001xaTWY,Canvas Credit Union,,,,TRUE,TRUE,TRUE,,,,,,,,,,,,,,,,,,,,,,,,,,,,,,,,,TRUE,,,,,,,TRUE,,TRUE,TRUE,TRUE,TRUE,TRUE,,,,Base,,4/6/2022,TRUE,,,TRUE,,,,,,,,,,,,
0014y00002UkYHx,Silver State Schools Credit Union,,,,,TRUE,TRUE,,,,,,,,,,,,,,,,,,,,,,,,,,,,,,,,,TRUE,,,,,,,TRUE,,TRUE,TRUE,TRUE,TRUE,TRUE,,,,Base,,4/29/2022,TRUE,,,TRUE,,,,,,,,,,,,
0013300001n6P49,First Electronic Bank,,,,,,,,,,,,,,,,,,,,,,,,,,,,,,,,,,,,,,TRUE,,TRUE,,,,,,,,TRUE,TRUE,TRUE,TRUE,TRUE,,,,Base,,4/29/2022,TRUE,,TRUE,,,,,,,,,,,,,
0014y000025IX2u,CMB Wing Lung,,,,,,,,,,,,,,,,,,,,,,,,,,,,,,,,,,,,,,TRUE,,TRUE,,,,,,,,TRUE,TRUE,TRUE,TRUE,TRUE,,,,Base,,4/29/2022,TRUE,,TRUE,,,,,,,,,,,,,
0014y0000261y55,Eastern Caribbean,TRUE,,TRUE,,,,,,,,,,TRUE,,,,,,,,,,,,,,,,,TRUE,TRUE,TRUE,TRUE,TRUE,TRUE,TRUE,TRUE,,,,,,,,,,,TRUE,TRUE,TRUE,TRUE,TRUE,,,,,,5/27/2022,TRUE,,,TRUE,,ICAN#IEUZN#ICHN#IGBR#IISR#IWRLD#IJAM,,,,TRUE,,,,,,
0014000000tVDOr,Equitable Life,TRUE,,TRUE,,,,TRUE,,TRUE,,,,TRUE,,,,,TRUE,TRUE,,,,,,,,,,,TRUE,TRUE,TRUE,TRUE,TRUE,TRUE,TRUE,TRUE,,,,,,,,,,,TRUE,TRUE,TRUE,TRUE,TRUE,,,,,,5/27/2022,TRUE,,,TRUE,,,,,,TRUE,,,,,,
0014000000NXrnl,Bank of China,TRUE,,TRUE,,,,TRUE,,TRUE,,,,TRUE,,,,,,,TRUE,TRUE,TRUE,,,,,,,,TRUE,,,TRUE,TRUE,TRUE,,TRUE,,,,,,,,,,TRUE,TRUE,TRUE,TRUE,TRUE,TRUE,,,,,,5/27/2022,TRUE,,,TRUE,,IIRL#IMEX#ILUX#IBRA#ICHN#IWRLD,,,,TRUE,,,,,,
00140000012gmyh,Banca UBAE,TRUE,,TRUE,,,,,,,,,,TRUE,,,,,TRUE,,TRUE,,,,,,,,,,,,,,,,,,,,,,,,,,,TRUE,TRUE,TRUE,TRUE,TRUE,TRUE,,,,,,5/27/2022,TRUE,,,,,,,,,,,,,,,
001f300001u1Epa,Fimbank,TRUE,,TRUE,,,,,,,,,,TRUE,,,,,,,TRUE,TRUE,TRUE,,,,,,,,,,,,,,,,,,,,,,,,,TRUE,TRUE,TRUE,TRUE,TRUE,TRUE,,,,,,,TRUE,,,TRUE,,IEUZN#IDZA#IFRA#IDEU#IGRC#IIND#IIRQ#IITA#IJOR#IKWT#ILBN#IMLT#ITUN#ITUR#IARE#IEGY#ICHL#IWRLD,,,,,,,,,,
0014000000yoDnf,Credicorp,TRUE,,TRUE,,,,,,,,,,TRUE,,,,,,,,,,,,,,,,,,,,,,,,,,,,,,,,,,,TRUE,TRUE,TRUE,TRUE,TRUE,,,,,,,TRUE,,,,,,,,,,,,,,,
0013300001eOf65,State Bank of Whittington,,,,,,,,,,,,,,,,,,,,,,,,,,,,,,,,,,,,,,TRUE,,TRUE,,,,,,,,TRUE,TRUE,TRUE,TRUE,TRUE,,,,,,,TRUE,,TRUE,,,,,,,,,,,,,
0013300001qKGf7,AIIB,TRUE,,TRUE,,,,,,,,,,TRUE,,,,,,,,,,,,,,,,,,,,,,,,,,,,,,,,,,,TRUE,TRUE,TRUE,TRUE,,,,,,,,TRUE,,,,,,,,,,,,,,,
0013300001bL8kM,Community State bank,,,,,,,,,,,,,,,,,,,,,,,,,,,,,,,,,,,,,,TRUE,,TRUE,,,,,,,,TRUE,TRUE,TRUE,TRUE,TRUE,,,,Base,,4/29/2022,TRUE,,TRUE,,,,,,,,,,,,,
0013300001eOelL,Panhandle,,,,,,,,,,,,,,,,,,,,,,,,,,,,,,,,,,,,,,TRUE,,TRUE,,,,,,,,TRUE,TRUE,TRUE,TRUE,TRUE,,,,,,,TRUE,,TRUE,,,,,,,,,,,,,
0014000000NXqBSAA1,Banesco,,,,,TRUE,TRUE,,,,,,,,,,,,,,,,,,,,,,,,TRUE,TRUE,TRUE,TRUE,TRUE,TRUE,TRUE,TRUE,,TRUE,,,,,,,TRUE,,TRUE,TRUE,TRUE,TRUE,TRUE,,,,Base,,,TRUE,,,TRUE,,,,,,TRUE,,,,,,
0013300001hahcOAAQ,Honesdale,,,,,TRUE,TRUE,,,,,,,,,,,,,,,,,,,,,,,,,,,,,,,,,TRUE,,,,,,,TRUE,,TRUE,TRUE,TRUE,TRUE,TRUE,,,,Base,,,TRUE,,,TRUE,,,,,,,,,,,,
0014y00002UhKOHAA3,European Merchant EM Bank,TRUE,,TRUE,,,,,,,,,,TRUE,,,,,,,TRUE,TRUE,TRUE,,,,,,,,,,,,,,,,,,,,,,,,,,TRUE,TRUE,TRUE,TRUE,TRUE,,,,,,,TRUE,,,TRUE,,IWRLD#IAUT#ICHN#IGBR#IESP#IDEU#IPRT#IEUZN#ILTU#ITUR,,,,,,,,,,
001f300001xBfEdAAK,Credito Agricola,TRUE,,TRUE,,,,,,,,,,TRUE,,,,,,,TRUE,TRUE,TRUE,,,,,,,,,,,,,,,,,,,,,,,,,TRUE,TRUE,TRUE,TRUE,TRUE,TRUE,,,,,,,TRUE,,,TRUE,,International,,,,,,,,,,
0014000000NXsyxAAD,American State Bank,,,,,,,,,,,,,,,,,,,,,,,,,,,,,,,,,,,,,,TRUE,,TRUE,,,,,,,,TRUE,TRUE,TRUE,TRUE,TRUE,,,,,,,TRUE,,TRUE,,,,,,,,,,,,,
0013300001eOeu1AAC,FNB Wauchula,,,,,,,,,,,,,,,,,,,,,,,,,,,,,,,,,,,,,,TRUE,,TRUE,,,,,,,,TRUE,TRUE,TRUE,TRUE,TRUE,,,,,,,TRUE,,TRUE,,,,,,,,,,,,,
0014000000s99TiAAI,Grow Financial,,,,,TRUE,TRUE,TRUE,,TRUE,,,,,TRUE,TRUE,,,,,,,,,,,,,,,TRUE,TRUE,TRUE,TRUE,TRUE,TRUE,TRUE,TRUE,,TRUE,,TRUE,,,,,TRUE,,TRUE,TRUE,TRUE,TRUE,TRUE,,,,,,,TRUE,,,TRUE,,,,TRUE,,TRUE,TRUE,,,,,
0013300001eOezMAAS,Malvern,,,,,TRUE,TRUE,,,,,,,,,,,,,,,,,,,,,,,,,,,,,,,,,TRUE,,,,,,,TRUE,,TRUE,TRUE,TRUE,TRUE,TRUE,,,,,,,TRUE,,,TRUE,,,,,,,,,,,,
0013300001lZTc5AAG,SCOR SE,TRUE,,,,,,,,,,,,TRUE,,,,,,,,,,,,,,,,,,,,,TRUE,TRUE,,,,TRUE,,,,,,,,,TRUE,TRUE,TRUE,TRUE,TRUE,,,,,,,TRUE,,,TRUE,,IAUS#ICAN#ICHE#ICHN#IEUZN#IGBR#IWRLD,,,,,,TRUE,,,,
001f300001wRD1WAAW,San Diego County Credit Union,,,,,TRUE,TRUE,,,,,,,,TRUE,TRUE,,,,,,,,,,,,,,,TRUE,TRUE,TRUE,TRUE,TRUE,TRUE,TRUE,TRUE,,TRUE,,,,,,,TRUE,,TRUE,TRUE,TRUE,TRUE,TRUE,,,,,,,TRUE,,,TRUE,,,,TRUE,,TRUE,,,,,,
0013300001fD1ajAAC,Amtrust,TRUE,,TRUE,,,,,,,,TRUE,,TRUE,,,TRUE,TRUE,,,,,,,,,,,,,TRUE,TRUE,TRUE,TRUE,TRUE,TRUE,TRUE,TRUE,,TRUE,,,,,,,,,TRUE,TRUE,TRUE,TRUE,TRUE,,,,ODI,,,TRUE,,,TRUE,,,,,,TRUE,TRUE,TRUE,,,,
0014000000NXzDJ,Silicon Valley Bank,TRUE,TRUE,TRUE,,,,TRUE,,TRUE,,,,TRUE,TRUE,,,,,,TRUE,TRUE,TRUE,,,,,,,,,,,,,,,,,,,,,,,,,TRUE,,TRUE,TRUE,TRUE,,,,,,,,,TRUE,,TRUE,,IGBR#IWRLD,,TRUE,,,,,,,,
001f300001xaT0UAAU,PAOB Ping An OneConnect,TRUE,,TRUE,,,,,,,,,,TRUE,,,,,,,,,,,,,,,,,,,,,,,,,,,,,,,,,,,,TRUE,TRUE,TRUE,TRUE,,,,ODI,,,TRUE,,,,,IHKG#IWRLD,,,,,,,,,,
0013300001eOemrAAC,Central State Bank,,,,,,,,,,,,,,,,,,,,,,,,,,,,,,,,,,,,,,TRUE,,TRUE,,,,,,,,TRUE,TRUE,TRUE,TRUE,TRUE,,,,,,,TRUE,,TRUE,,,,,,,,,,,,,
0014000000PoPi2,First Horizon,TRUE,,TRUE,,,,,,,,,,TRUE,,,TRUE,TRUE,,,,,,,,,,,,,TRUE,,,,,,,,,,,,,,,,,TRUE,TRUE,TRUE,TRUE,TRUE,TRUE,,,,,,,TRUE,,,TRUE,,,,,,TRUE,,,,,,
0013300001pgMHBAA2,Varo Money,,,,,,,,,,,,,,,,,,,,,,,,,,,,,,TRUE,TRUE,TRUE,TRUE,TRUE,TRUE,TRUE,TRUE,,,,,,,,,,,,TRUE,TRUE,TRUE,TRUE,,,,ODI,,,TRUE,,,TRUE,,,,,,TRUE,,,,,,
0014y00002e9u3qAAA,New Canaan Bank,,,,TRUE,TRUE,TRUE,,,,,,,,,,,,,,,,,,,,,,,,,,,,,,,,,TRUE,,,,,,,TRUE,,,TRUE,TRUE,TRUE,TRUE,,,,,,,TRUE,,,TRUE,,,,,,,,,,,,
0014000000kOtKS,GMS / MSNA,TRUE,TRUE,TRUE,TRUE,TRUE,TRUE,TRUE,,TRUE,,TRUE,,TRUE,TRUE,TRUE,TRUE,TRUE,,,,,,,,,,,,,TRUE,TRUE,TRUE,TRUE,TRUE,TRUE,TRUE,TRUE,TRUE,TRUE,TRUE,TRUE,TRUE,TRUE,,TRUE,TRUE,,,TRUE,TRUE,TRUE,TRUE,,,,,,,TRUE,,,TRUE,,,,TRUE,,TRUE,,,,,,
0014y00002UkWlQAAV,NewPoint Real Estate,,,,,TRUE,TRUE,,,,,,,,,,,,,,,,,,,,,,,,,,,,,,,,,TRUE,,,,,,,TRUE,,,TRUE,TRUE,TRUE,TRUE,,,,,,,TRUE,,,TRUE,,,,,,,,,,,,
0013300001eOepOAAS,Cornerstone,,,,,,,,,,,,,,,,,,,,,,,,,,,,,,,,,,,,,,TRUE,,TRUE,,,,,,,,TRUE,TRUE,TRUE,TRUE,TRUE,,,,,,,TRUE,,TRUE,,,,,,,,,,,,,
0014000001X5XrdAAF,Delta Community DCCU,,,,TRUE,TRUE,TRUE,TRUE,,TRUE,,,,,TRUE,,,,,,,,,,,,,,,,TRUE,TRUE,TRUE,TRUE,TRUE,TRUE,TRUE,TRUE,,TRUE,,,,,,,TRUE,,,TRUE,TRUE,TRUE,TRUE,,,,,,,TRUE,,,TRUE,,,,TRUE,,TRUE,TRUE,,,,,
0013300001p0ybY,MUFG Malaysia,TRUE,,TRUE,,,,,,,,,,TRUE,,,,,,,,,,,,,,,,,,,,,,,,,,,,,,,,,,TRUE,TRUE,TRUE,TRUE,TRUE,TRUE,,,,,,,TRUE,,,TRUE,,ISAU#IJPN#IMYS#IWRLD,,,,,,,,,,
0013300001pwtHuAAI,Mariner Finance,,,,,TRUE,TRUE,,,,,,,,,,,,,,,,,,,,,,,,,,,,,,,,,TRUE,,,,,,,TRUE,,,TRUE,TRUE,TRUE,TRUE,,,,,,,TRUE,,,TRUE,,,,,,,,,,,,
0013300001eOewRAAS,Greenfield Cooperative,,,,,,,,,,,,,,,,,,,,,,,,,,,,,,,,,,,,,,TRUE,,TRUE,,,,,,,,,TRUE,TRUE,TRUE,TRUE,,,,Base,,,TRUE,,TRUE,,,,,,,,,,,,,
0014000000dajXsAAI,Philippines Veterans Bank,,,,,,,,,,,,,,,,,,,,,,,,,,,,,,,,TRUE,TRUE,,,,,,,,,,,,,,,,TRUE,TRUE,TRUE,TRUE,,,,,,,TRUE,,,TRUE,,IPHL#IWRLD,,,,TRUE,,,,,,
001f300001s5nchAAA,Suncoast,,,,,TRUE,TRUE,,,,,,,,TRUE,TRUE,,,,,,,,,,,,,,,,,,,,,,,,TRUE,,TRUE,TRUE,,,,TRUE,,,TRUE,TRUE,TRUE,TRUE,,,,,,,TRUE,,,TRUE,,,,TRUE,,,,,,,,
0014000000NY00WAAT,JA Mitsui,,,,,,,,,,,,,,,,,,,,,,,,,,,,,,,,,,,,,,,TRUE,,,,,,,TRUE,,,TRUE,TRUE,TRUE,TRUE,,,,,,,TRUE,,,TRUE,,,,,,,,,,,,
0014y00002VzaVZAAZ,Premia,TRUE,,TRUE,,,TRUE,,,,,TRUE,,TRUE,,,TRUE,TRUE,,,,,,,,,,,,,TRUE,TRUE,TRUE,TRUE,TRUE,TRUE,TRUE,TRUE,,TRUE,,,,,,,TRUE,TRUE,,TRUE,TRUE,TRUE,TRUE,,,,,,,TRUE,,,TRUE,,,,,,TRUE,,TRUE,,,,
0014000000f5E76AAE,Northwest Bank,TRUE,,TRUE,,TRUE,TRUE,,,,,,,,,,,,,,,,,,,,,,,,TRUE,TRUE,TRUE,TRUE,TRUE,TRUE,TRUE,TRUE,,TRUE,,,,,,,TRUE,,,TRUE,TRUE,TRUE,TRUE,,,,,,,TRUE,,,TRUE,,,,,,TRUE,,,,,,
0014y00002UkZnUAAV,Alaska USA FCU,,,,,TRUE,TRUE,,,,,,,,TRUE,TRUE,,,,,,,,,,,,,,,,,,,,,,,,TRUE,,,,,,,TRUE,,,TRUE,TRUE,TRUE,TRUE,,,,,,,TRUE,,,TRUE,,,,TRUE,,,,,,,,
0014y00002jYDxaAAG,Lux Actuaries,TRUE,,TRUE,,,,,,,,,,TRUE,,,,,,,TRUE,TRUE,TRUE,,,,,,,,,,,,,,,,,,,,,,,,,TRUE,TRUE,TRUE,TRUE,TRUE,TRUE,,,,,,,TRUE,,,,,,,,,,,,,,,
0013300001eOermAAC,Ergo Bank,,,,,,,,,,,,,,,,,,,,,,,,,,,,,,,,,,,,,,TRUE,,TRUE,,,,,,,,,TRUE,TRUE,TRUE,TRUE,,,,Base,,,TRUE,,TRUE,,,,,,,,,,,,,
001f300001tsKU4AAM,Valley Strong Credit Union,,,,,TRUE,TRUE,,,,,,,,,,,,,,,,,,,,,,,,,,,,,,,,TRUE,TRUE,TRUE,,,,,,TRUE,,,TRUE,TRUE,TRUE,TRUE,,,,,,,TRUE,,,TRUE,,,,,,,,,,,,
0013300001rKvqDAAS,Kuvare US Holdings,TRUE,,TRUE,,,,,,TRUE,,TRUE,,TRUE,,,TRUE,TRUE,,,,,,,,,,,,,TRUE,TRUE,TRUE,TRUE,TRUE,TRUE,TRUE,TRUE,,,,,,,,,,,,TRUE,TRUE,TRUE,TRUE,,,,,,,TRUE,,,TRUE,,,,,,TRUE,,,,,,
0013300001pK8wNAAS,Ameriserv Financial Bank,TRUE,,TRUE,,,,,,,,,,,,,,,,,,,,,,,,,,,TRUE,TRUE,TRUE,TRUE,TRUE,TRUE,TRUE,TRUE,,,,,,,,,,,,TRUE,TRUE,TRUE,TRUE,,,,,,,TRUE,,,TRUE,,,,,,TRUE,,,,,,
0014y00002W2FbqAAF,Fidelis Insurance,TRUE,,TRUE,,,,,,,,,,TRUE,,,,,,,,,,,,,,,,,TRUE,TRUE,TRUE,TRUE,TRUE,TRUE,TRUE,TRUE,,,,,,,,,,,,TRUE,TRUE,TRUE,TRUE,,,,,,,TRUE,,,TRUE,,,,,,TRUE,,,,,,
001f300001tu7wsAAA,B.S.D. Capital Lendistry,TRUE,,TRUE,,,TRUE,,,,,,,TRUE,,,,,,,,,,,,,,,,,,,,,,,,,,TRUE,,,,,,,TRUE,,,TRUE,TRUE,TRUE,TRUE,,,,,,,TRUE,,,TRUE,,,,,,,,,,,,
0014y00002lVIsZAAW,Midwest Holding,TRUE,TRUE,TRUE,,TRUE,TRUE,,,TRUE,,TRUE,,TRUE,,,TRUE,TRUE,,,,,,,,,,,,,,,TRUE,TRUE,TRUE,TRUE,,,,TRUE,,,,,,,TRUE,TRUE,,,,,TRUE,,,,ODI,,12/22/2022,TRUE,,,TRUE,,,,,,TRUE,,,,,,
0013300001c6Kro,Attica,TRUE,TRUE,TRUE,,,,,,,,,,TRUE,,,,,,,TRUE,TRUE,TRUE,,,,,,,,,,,,,,,,,,,,,,,,,TRUE,TRUE,TRUE,TRUE,TRUE,TRUE,,,,Base,,,TRUE,,,TRUE,,IGRC#IEUZN#IWRLD,,,,,,,,,,
0013300001eOetUAAS,1NB First National Bank & Trust Company Of Ardmore,,,,,,,,,,,,,,,,,,,,,,,,,,,,,,,,,,,,,,TRUE,TRUE,TRUE,,,,,,TRUE,,,TRUE,TRUE,TRUE,TRUE,,,,,,,TRUE,,TRUE,,,,,,,,,,,,,
0014000000NXrWSAA1,First National Banker's Bank,TRUE,,TRUE,,,,,,,,TRUE,,TRUE,,,TRUE,TRUE,,,,,,,,,,,,,TRUE,TRUE,TRUE,TRUE,TRUE,TRUE,TRUE,TRUE,,,,,,,,,,,,TRUE,TRUE,TRUE,TRUE,,,,,,,TRUE,,,TRUE,,,,,,TRUE,,,,,,
0013300001kgKJXAA2,InBank,TRUE,,,,,,,,,,TRUE,,,,,TRUE,,,,,,,,,,,,,,TRUE,TRUE,TRUE,TRUE,TRUE,TRUE,TRUE,TRUE,TRUE,TRUE,TRUE,,,,,,TRUE,,,TRUE,TRUE,TRUE,TRUE,,,,,,,TRUE,,TRUE,,,,,,,,,,,,,
0014y00002jW9KgAAK,Evermore Bank,,,,,TRUE,TRUE,,,,,,,,,,,,,,,,,,,,,,,,,,,,,,,,,TRUE,,,,,,,TRUE,,,TRUE,TRUE,TRUE,TRUE,,,,,,,TRUE,,,TRUE,,,,,,,,,,,,
0013300001eOezAAAS,Lyndon State Bank,,,,,,,,,,,,,,,,,,,,,,,,,,,,,,,,,,,,,,TRUE,TRUE,TRUE,,,,,,,,,,,,,,,,,,,TRUE,,TRUE,,,,,,,,,,,,,
0014000000YQWfCAAX,Ameris Bank,,,,,,,,,,,,,,,,,,,,,,,,,,,,,,,,,,,,,,,,,,,,,,,,,,,,,,,,,,,,TRUE,,TRUE,,,,TRUE,,,,,,,,
supportps123456789,Moody's,,,,,,,,,,,,,,,,,,,,,,,,,,,,,,,,,,,,,,,,,,,,,,,,TRUE,TRUE,TRUE,TRUE,TRUE,,,,Base,TRUE,4/6/2023,,,,TRUE,,International,,,,,,,TRUE,TRUE,TRUE,FALSE
0014000000NY0R5,Principal Life Insurance,,,,,,,,,,,,,,,,,,,,,,,,,,,,,,,,,,,,,,,,,,,,,,,,TRUE,TRUE,TRUE,TRUE,TRUE,,,,Base,,4/6/2023,,,,TRUE,,International,International,,,,,,TRUE,TRUE,TRUE,FALSE
001f300001vmPwf,Global Atlantic,,,,,,,,,,,,,,,,,,,,,,,,,,,,,,,,,,,,,,,,,,,,,,,,TRUE,TRUE,TRUE,TRUE,TRUE,,,,Base,,4/6/2023,,,,TRUE,,,,,,,,,TRUE,TRUE,TRUE,FALSE
001f300001vnlYU,Fortitude,TRUE,,,,,,,,TRUE,,TRUE,,TRUE,,,TRUE,TRUE,,,,,,,,,,,,,TRUE,TRUE,TRUE,TRUE,TRUE,TRUE,TRUE,TRUE,,,,,,,,,,,TRUE,TRUE,TRUE,TRUE,TRUE,,,,Base,,4/6/2023,TRUE,,,TRUE,,,,,,,,,TRUE,TRUE,TRUE,TRUE
001f300001u4qsc,Divvy Pay,,,,,,,,,,,,,,,,,,,,,,,,,,,,,,,,,,,,,,,,,,,,,,,,TRUE,TRUE,TRUE,TRUE,TRUE,,,,Base,,4/6/2023,,,,TRUE,,,,,,,,,TRUE,TRUE,TRUE,FALSE
0014000000NXpN7AAL,Hachijumi,,,,,,,,,,,,,,,,,,,,,,,,,,,,,,,,,,,,,,,,,,,,,,,,TRUE,TRUE,TRUE,TRUE,TRUE,,,,Base,,4/6/2023,,,,,,IJPN#IWRLD,,,,,,,TRUE,TRUE,TRUE,FALSE
0014000000NXyAUAA1,American First Credit Union,,,,,,,,,,,,,,,,,,,,,,,,,,,,,,,,,,,,,,,,,,,,,,,,,,,,,,,,,,,FALSE,TRUE,,TRUE,,,,,,,,,,,,
001f3000021C74LAAS,1st Franklin,,,,,TRUE,TRUE,,,,,,,,,,,,,,,,,,,,,,,,,,,,,,,,,TRUE,,,,,,,TRUE,,,TRUE,TRUE,TRUE,TRUE,,,,,,,TRUE,,,TRUE,,,,,,,,,,,,
0014000000gE5Kz,Conexus CU,TRUE,,TRUE,,,,,,,,,,TRUE,,,,,,,,,,,,,,,,,,,,,,,,,,,,,,,,,,,,TRUE,TRUE,TRUE,TRUE,,,,,,,TRUE,,,TRUE,,ICAN#IWRLD,,,,,,,,,,
0013300001bLWpMAAW,PCSB,,,,,,,,,,,,,,,,,,,,,,,,,,,,,,,,,,,,,,TRUE,TRUE,TRUE,,,,,,,,,,,,,,,,,,,TRUE,,TRUE,,,,,,,,,,,,,
0014000000NXy2s,Jefferies Finance LLC,,,TRUE,,,,,,,,,,,,,,,,,,,,,,,,,,,TRUE,TRUE,TRUE,TRUE,TRUE,TRUE,TRUE,TRUE,,,,,,,,,,,,TRUE,TRUE,TRUE,TRUE,,,,,,,TRUE,,,TRUE,,,,,,TRUE,,,,,,
0014000000XL28JAAT,Idaho Central Credit Union,,,,,,,,,,,,,,,,,,,,,,,,,,,,,,,,,,,,,,,,,,,,,,,,,,,,,,,,,,,TRUE,,TRUE,,,,,,,,,,,,,
0014000000lJJ5R,Auto Club Trust,,,,,,,,,,,,,,,,,,,,,,,,,,,,,,,,,,,,,,,,,,,,,,,,,,,,,,,,,,,TRUE,,TRUE,,,,,,,,,,,,,
0013300001fC6so,National Life Insurance Company,,,,,,,,,,,,,,,,,,,,,,,,,,,,,,,,,,,,,,,,,,,,,,,,TRUE,TRUE,TRUE,TRUE,TRUE,,,,Base,,9/11/2023,,,,TRUE,,,,,,,,,TRUE,TRUE,TRUE,FALSE
0013300001ph9pD,Brighthouse Financial,,,,,,,,,,,,,,,,,,,,,,,,,,,,,,,,,,,,,,,,,,,,,,,,TRUE,TRUE,TRUE,TRUE,TRUE,,,,Base,,9/11/2023,,,,TRUE,,,,,,,,,TRUE,TRUE,TRUE,FALSE
0014000000NXoQZ,Assicurazioni Generali - Societa per Azioni,TRUE,TRUE,TRUE,,,,,,,,,,,,,,,,TRUE,,,,,,,,,,,,,,,,,,,,,,,,,,,,,,,,,,,,,,,FALSE,TRUE,,,,,,,,,,,,,,,
0014000000NXpQkAAL,Hanmi Bank,TRUE,,TRUE,,TRUE,TRUE,TRUE,,TRUE,,,,TRUE,,,,,,,TRUE,,,,,,,,,,,,,,,,,,TRUE,TRUE,TRUE,,,,,,TRUE,,,,TRUE,TRUE,TRUE,,,,,,,TRUE,,,TRUE,,,,,,,,,,,,
moodysdata,moodysdata,,,,,,,,,,,,,,,,,,,,,,,,,,,,,,,,,,,,,,,,,,,,,,,,,,,,,,,,,,,TRUE,,,,,,,,,,,,,,,
001f300001tNEsmAAG,Basepoint Capital,,,,,,,,,,,,,,,,,,,,TRUE,,,,,,,,,,,,,,,,,,,,,,,,,,,,,,TRUE,TRUE,TRUE,,,,,,,TRUE,,,TRUE,,,,,,,,,,,,
0014y00002PTHkZAAX,Kraken,,,,,,,,,,,,,,,,,,,,TRUE,TRUE,TRUE,,,,,,,,,,,,,,,,,,,,,,,,,,,,TRUE,TRUE,TRUE,,,,,,,TRUE,,,TRUE,,,,,,,,,,,,
001f300001xPPiJ,YieldStreet,,,,,TRUE,TRUE,,,,,,,,,,,,,,,,,,,,,,,,,,,,,,,,,TRUE,,,,,,,TRUE,,,,TRUE,TRUE,TRUE,,,,,,,TRUE,,,TRUE,,,,,,,,,,,,
0014y00002pEqyiAAC,Insight,,,,,,,,,,,,,,,,,,,,,TRUE,TRUE,,,,,,,,TRUE,TRUE,,,,,TRUE,,,,,,,,,,,,,,TRUE,TRUE,TRUE,,,,,,,TRUE,,,TRUE,,,,,,,,,,,,
0014000000NXsauAAD,Atlantic Union Bank,TRUE,,,,TRUE,,,,TRUE,,,,TRUE,,,,,,,TRUE,,,,,,,,,,TRUE,TRUE,TRUE,TRUE,TRUE,TRUE,TRUE,TRUE,,TRUE,,,,,,,,,,,TRUE,TRUE,TRUE,,,,,,,TRUE,,,TRUE,,,,,,,,,,,,
